meanWidth,meanHeight,meanLength,meanVolume,countStacking,countTurnover,boxesCount,loadingWidth,loadingHeight,loadingLength,density_percent
130.96296296296296,175.96666666666667,214.5962962962963,5811432.877777778,270,270,270,800.0,2000.0,1200.0,81.76416
300.0,250.0,400.0,30000000.0,33,0,33,800.0,2000.0,1200.0,82.5
800.0,1550.0,1200.0,1488000000.0,0,0,17,2500.0,2100.0,7500.0,94.44444
278.7878787878788,269.6969696969697,415.1515151515151,32303030.303030305,33,33,33,800.0,1650.0,1200.0,74.02778
800.0,1600.0,1200.0,1536000000.0,0,0,33,2490.0,2590.0,13490.0,100.0
175.0,209.75155279503105,2462.9399585921324,90144927.53623189,966,0,966,2480.0,2860.0,13600.0,92.20825
1605.7142857142858,1597.142857142857,1040.0,2333656571.428571,3,0,7,2400.0,2500.0,6100.0,55.72132
843.3333333333334,819.074074074074,1584.8148148148148,1164729685.1851852,54,0,54,2490.0,2590.0,13490.0,82.7095
1280.0,1327.7777777777778,912.2222222222222,1518463333.3333333,14,2,18,2450.0,2650.0,8800.0,58.69138
1605.7142857142858,1597.142857142857,1040.0,2333656571.428571,3,0,7,2400.0,2500.0,6100.0,55.72132
100.0,70.0,200.0,1400000.0,40,40,40,400.0,600.0,400.0,100.0
271.6981132075472,252.83018867924528,388.6792452830189,27622641.509433962,53,53,53,800.0,1650.0,1200.0,95.3125
272.72727272727275,267.27272727272725,359.09090909090907,28636363.636363637,66,0,66,800.0,2000.0,1200.0,99.43182
272.72727272727275,267.27272727272725,359.09090909090907,28636363.636363637,66,0,66,800.0,2000.0,1200.0,99.43182
295.0,320.0,195.0,18391500.0,2000,2000,2000,2450.0,2450.0,13600.0,80.63824
295.0,320.0,195.0,18391500.0,2000,2000,2000,2450.0,2450.0,13600.0,63.38312
284.7457627118644,780.5084745762712,471.1864406779661,115322033.89830509,59,0,59,1978.0,2100.0,3089.0,62.54826
297.14285714285717,690.0,531.4285714285714,115488000.0,14,49,49,1978.0,2100.0,3089.0,47.6821
297.14285714285717,690.0,531.4285714285714,115488000.0,14,49,49,1978.0,2100.0,3089.0,47.6821
315.0943396226415,624.1509433962265,575.8490566037735,114021433.96226415,23,53,53,1978.0,2100.0,3089.0,49.93126
316.47058823529414,623.1372549019608,582.7450980392157,115637960.78431372,23,45,51,1978.0,2100.0,3089.0,47.80008
316.47058823529414,623.1372549019608,582.7450980392157,115637960.78431372,17,51,51,1978.0,2100.0,3089.0,49.37232
357.7083333333333,480.8333333333333,677.5,111615333.33333333,17,48,48,1978.0,2100.0,3089.0,55.5809
387.0,587.0,398.0,89968500.0,20,2,20,800.0,2350.0,1200.0,89.15496
800.0,984.6153846153846,1200.0,945230769.2307693,0,0,26,2480.0,2700.0,13620.0,76.15648
800.0,984.6153846153846,1200.0,945230769.2307693,0,0,26,2480.0,2700.0,13620.0,76.15648
272.72727272727275,267.27272727272725,359.09090909090907,28636363.636363637,66,0,66,800.0,2000.0,1200.0,99.43182
800.0,1066.6666666666667,1200.0,1024000000.0,0,0,18,2040.0,2674.0,8880.0,87.27273
295.0,362.5,496.25,52773125.0,32,32,32,800.0,2500.0,1200.0,90.51218
295.0,362.5,496.25,52773125.0,32,32,32,800.0,2500.0,1200.0,90.51218
500.0,400.0,600.0,120000000.0,12,12,12,800.0,2000.0,1200.0,100.0
344.61538461538464,436.15384615384613,934.6153846153846,136822153.84615386,13,4,13,1000.0,2330.0,1100.0,82.084
334.6666666666667,413.3333333333333,840.6666666666666,118070400.0,15,7,15,1000.0,2330.0,1100.0,76.33322
332.14285714285717,420.7142857142857,895.0,125796857.14285715,14,14,14,1000.0,2330.0,1100.0,79.12946
800.0,2300.0,1500.0,2760000000.0,0,4,4,2600.0,2650.0,9700.0,86.95652
800.0,1230.0,1350.0,1456800000.0,4,8,8,2600.0,2650.0,9700.0,68.84688
800.0,1950.0,1350.0,2148000000.0,4,8,8,2600.0,2650.0,9700.0,45.11657
1085.7142857142858,1766.6666666666667,1104.7619047619048,2129333333.3333333,21,21,21,2352.0,2385.0,12032.0,94.64265
1085.7142857142858,1766.6666666666667,1104.7619047619048,2129333333.3333333,21,21,21,2352.0,2385.0,12032.0,94.64265
1789.98,104.0,3237.18,629998500.0,50,0,50,2490.0,2590.0,13490.0,79.10819
1078.0689655172414,60.0,2562.0,172724733.10344827,29,0,29,2420.0,2450.0,13550.0,63.64827
400.0,874.5652173913044,400.0,139930434.7826087,460,460,460,2352.0,2698.0,12032.0,98.24176
818.3333333333334,844.2916666666666,1288.3333333333333,1299988441.6666667,11,24,24,2359.0,2700.0,12022.0,48.6333
753.6,827.2,1404.8,1267254320.0,13,25,25,2359.0,2700.0,12022.0,48.51001
753.6,827.2,1404.8,1267254320.0,13,25,25,2359.0,2700.0,12022.0,48.51001
753.6,827.2,1404.8,1267254320.0,13,25,25,2359.0,2700.0,12022.0,48.51001
974.4444444444445,1027.7777777777778,1535.5555555555557,1555748444.4444444,9,9,9,2480.0,2860.0,13600.0,76.12721
524.0,128.0,1308.0,106927200.0,35,35,35,1200.0,1800.0,2200.0,88.59972
524.0,128.0,1308.0,106927200.0,10,10,10,1200.0,1800.0,2200.0,67.50455
518.2352941176471,126.47058823529412,1293.5294117647059,103210941.1764706,34,34,34,1200.0,1800.0,2200.0,79.12094
518.2352941176471,126.47058823529412,1293.5294117647059,103210941.1764706,34,34,34,1200.0,1800.0,2200.0,79.12094
524.0,128.0,1308.0,106927200.0,35,35,35,1200.0,1800.0,2200.0,79.64019
295.7464788732394,322.84507042253523,235.6338028169014,24677453.521126762,355,355,355,2490.0,2590.0,13490.0,55.07126
310.0,100.0,510.0,15810000.0,10,10,10,800.0,2000.0,1200.0,83.33333
240.0,100.0,310.0,7440000.0,40,40,40,800.0,2000.0,1200.0,62.0
40.0,40.0,65.0,104000.0,60,60,60,220.0,135.0,270.0,100.0
240.0,100.0,310.0,7440000.0,40,0,40,800.0,2000.0,1200.0,80.2589
202.06,154.53,366.74,15250690.63,100,100,100,800.0,2000.0,1200.0,79.86997
184.4952380952381,153.8761904761905,361.62857142857143,13290417.17142857,105,0,105,800.0,2000.0,1200.0,72.82762
928.75,1096.25,2452.5,8960351250.0,8,0,8,2490.0,2590.0,13490.0,92.54325
928.75,1096.25,2452.5,8960351250.0,8,0,8,2490.0,2590.0,13490.0,92.54325
928.75,1096.25,2452.5,8960351250.0,8,0,8,2490.0,2590.0,13490.0,92.54325
200.0,25.0,6000.0,30000000.0,300,300,300,2352.0,2393.0,12032.0,91.18541
200.0,25.0,6000.0,30000000.0,1200,1200,1200,2352.0,2393.0,12032.0,94.56265
200.0,25.0,6000.0,30000000.0,1449,1449,1449,2330.0,2698.0,12010.0,95.88089
1207.0,798.0,1566.0,2678499600.0,0,0,10,2490.0,2590.0,13490.0,46.64721
994.0,1393.6,1146.4,1899957080.0,1,25,25,2480.0,2860.0,13600.0,58.3393
994.0,1393.6,1146.4,1899957080.0,0,0,25,2480.0,2860.0,13600.0,57.48137
175.0,214.23432682425488,2460.431654676259,91996402.87769784,973,0,973,2480.0,2860.0,13600.0,96.64382
130.96296296296296,175.96666666666667,214.5962962962963,5811432.877777778,270,270,270,800.0,2000.0,1200.0,81.76416
123.86234817813765,172.09716599190284,209.417004048583,5467162.477732793,247,247,247,800.0,1800.0,1200.0,78.19096
384.70588235294116,1042.9411764705883,610.5882352941177,264338470.5882353,20,20,34,1978.0,2100.0,4168.0,69.94074
380.6060606060606,1035.4545454545455,609.6969696969697,259339272.72727272,33,20,33,1978.0,2100.0,4168.0,73.19202
388.57142857142856,1050.0,611.4285714285714,269052000.0,35,35,35,1978.0,2100.0,4168.0,72.06703
415.45454545454544,1099.090909090909,617.2727272727273,301832454.54545456,44,44,44,2282.0,2494.0,5000.0,72.03363
1295.7446808510638,380.51063829787233,1270.212765957447,611728723.4042553,47,47,47,2400.0,2300.0,6120.0,85.92912
334.6666666666667,413.3333333333333,840.6666666666666,118070400.0,15,7,15,1000.0,2330.0,1100.0,76.33322
388.57142857142856,1050.0,611.4285714285714,269052000.0,35,35,35,1978.0,2100.0,4168.0,72.06703
1000.0,1170.0,1200.0,1404000000.0,26,0,26,2352.0,2385.0,12032.0,55.27211
1000.0,1170.0,1200.0,1404000000.0,26,0,26,2352.0,2385.0,12032.0,55.27211
1000.0,1170.0,1200.0,1404000000.0,26,0,26,2352.0,2385.0,12032.0,55.27211
1000.0,1170.0,1200.0,1404000000.0,27,0,27,2352.0,2385.0,12032.0,57.39796
642.5925925925926,714.074074074074,1641.111111111111,1086324666.6666667,0,0,27,2490.0,2590.0,13490.0,42.80376
660.6896551724138,698.9655172413793,1575.8620689655172,1031791965.5172414,2,0,29,2490.0,2590.0,13490.0,43.66653
1250.0,2075.0,3625.0,11298000000.0,4,4,4,2352.0,2698.0,12032.0,69.71802
926.3888888888889,1331.9444444444443,1186.111111111111,1457222222.2222223,28,0,36,2400.0,2650.0,13600.0,74.09029
1075.0,1818.75,2500.0,6575000000.0,8,8,8,2352.0,2698.0,12032.0,71.67931
1075.0,1818.75,2500.0,6575000000.0,8,8,8,2352.0,2698.0,12032.0,71.67931
929.6875,1373.4375,1221.875,1538125000.0,24,0,32,2400.0,2650.0,13600.0,69.51437
345.7142857142857,494.2857142857143,522.8571428571429,151857142.85714287,175,0,175,2450.0,2450.0,13550.0,58.35529
327.56052141527005,417.13221601489755,513.780260707635,109422718.80819367,537,0,537,2450.0,2450.0,13550.0,84.5985
323.23390894819465,398.7441130298273,511.6169544740973,99309262.16640502,637,0,637,2450.0,2450.0,13550.0,79.69262
338.98916967509024,465.7039711191336,519.4945848375452,136137184.11552346,554,0,554,2480.0,2860.0,12600.0,95.92491
334.11764705882354,408.8235294117647,633.5294117647059,123765647.05882353,17,17,17,1000.0,2330.0,1300.0,73.18317
857.1428571428571,2443.5714285714284,1200.0,2513000000.0,28,28,28,2432.0,2698.0,12032.0,98.61134
295.0,362.5,496.25,52773125.0,32,32,32,800.0,2500.0,1200.0,90.51218
720.0,600.0,1420.0,613440000.0,2,2,2,1000.0,2330.0,1300.0,100.0
720.0,600.0,1420.0,613440000.0,2,2,2,1000.0,2330.0,1300.0,100.0
312.85714285714283,344.85714285714283,494.85714285714283,53357600.0,35,35,35,800.0,2500.0,1200.0,82.78877
929.6875,1373.4375,1221.875,1538125000.0,24,0,32,2400.0,2650.0,13600.0,69.51437
342.77777777777777,417.77777777777777,670.0,136906277.7777778,18,18,18,1060.0,2330.0,1360.0,78.05612
240.0,100.0,310.0,7440000.0,88,0,88,800.0,2000.0,1200.0,80.2589
342.77777777777777,417.77777777777777,670.0,136906277.7777778,18,18,18,1060.0,2330.0,1360.0,78.05612
342.77777777777777,417.77777777777777,670.0,136906277.7777778,18,18,18,1060.0,2330.0,1360.0,85.90096
344.11764705882354,417.05882352941177,646.4705882352941,136298882.3529412,17,17,17,1000.0,2300.0,1300.0,78.5185
742.8571428571429,814.2857142857143,3642.8571428571427,1868571428.5714285,14,14,14,2490.0,2590.0,13490.0,83.38114
742.8571428571429,1028.5714285714287,3642.8571428571427,2640000000.0,14,14,14,2490.0,2590.0,13490.0,58.33333
975.0,1438.4615384615386,1203.8461538461538,1726375000.0,20,0,26,2400.0,2650.0,13600.0,59.79027
190.47826086956522,155.45652173913044,383.5217391304348,15661685.206521738,92,92,92,800.0,1800.0,1200.0,84.94123
190.47826086956522,155.45652173913044,383.5217391304348,15661685.206521738,92,92,92,800.0,1800.0,1200.0,84.94123
173.34883720930233,152.69767441860466,356.7674418604651,12220417.430232558,86,86,86,800.0,1800.0,1200.0,65.63224
166.21176470588236,151.78823529411764,352.7294117647059,10983010.576470587,85,0,85,800.0,1800.0,1200.0,56.27628
194.6818181818182,156.02272727272728,383.45454545454544,16128334.988636363,88,0,88,800.0,1800.0,1200.0,82.13504
459.0,600.0,500.0,137700000.0,78,78,78,2480.0,2860.0,13600.0,97.32179
481.40697674418607,638.2558139534884,718.6046511627907,227218604.6511628,172,172,172,2480.0,2860.0,13600.0,64.37381
947.0588235294117,1373.5294117647059,1111.764705882353,1426294117.6470587,0,0,17,2480.0,2650.0,13600.0,44.59464
981.25,1475.0,1229.1666666666667,1802739583.3333333,18,0,24,2400.0,2650.0,13600.0,57.63234
897.4358974358975,530.7692307692307,1317.948717948718,690769230.7692307,26,26,39,2480.0,2860.0,13600.0,39.97507
300.0,750.0,750.0,229500000.0,240,120,240,2480.0,2860.0,13600.0,70.3125
300.0,750.0,750.0,229500000.0,240,120,240,2480.0,2860.0,13600.0,70.83333
1217.0,1969.0,1930.0,4503215400.0,10,0,10,2480.0,2860.0,13600.0,75.26185
1217.0,1969.0,1930.0,4503215400.0,10,0,10,2480.0,2860.0,13600.0,75.26185
1217.0,1969.0,1930.0,4503215400.0,1,0,10,2480.0,2860.0,13600.0,85.31912
1217.0,1969.0,1930.0,4503215400.0,1,0,10,2480.0,2860.0,13600.0,85.31912
737.5,1512.5,1387.5,1537875000.0,0,8,8,2210.0,1960.0,4850.0,91.54018
744.4444444444445,1500.0,1366.6666666666667,1516333333.3333333,0,7,9,2300.0,2450.0,8000.0,30.90353
744.4444444444445,1500.0,1366.6666666666667,1516333333.3333333,0,6,9,2300.0,2450.0,8000.0,30.90353
668.75,1221.25,1625.0,1303912500.0,0,12,16,2300.0,2450.0,8000.0,47.24321
700.0,1289.3333333333333,1466.6666666666667,1380173333.3333333,0,12,15,2350.0,2450.0,8000.0,45.88342
517.7777777777778,454.44444444444446,2146.6666666666665,544648888.8888888,0,0,9,2480.0,2650.0,13600.0,35.04518
237.06849315068493,196.72602739726028,322.8082191780822,15165383.698630137,73,0,73,800.0,1800.0,1200.0,74.73759
237.06849315068493,196.72602739726028,322.8082191780822,15165383.698630137,73,73,73,800.0,1800.0,1200.0,67.08558
237.06849315068493,196.72602739726028,322.8082191780822,15165383.698630137,73,73,73,800.0,1800.0,1200.0,66.73617
237.06849315068493,196.72602739726028,322.8082191780822,15165383.698630137,73,0,73,800.0,1800.0,1200.0,64.10234
208.78048780487805,200.1219512195122,325.0731707317073,13547688.207317073,82,0,82,800.0,1800.0,1200.0,65.30465
208.78048780487805,200.1219512195122,325.0731707317073,13547688.207317073,82,82,82,800.0,1800.0,1200.0,69.58499
208.78048780487805,200.1219512195122,325.0731707317073,13547688.207317073,82,82,82,800.0,1800.0,1200.0,64.36031
208.78048780487805,200.1219512195122,325.0731707317073,13547688.207317073,82,82,82,800.0,1800.0,1200.0,65.60081
208.78048780487805,200.1219512195122,325.0731707317073,13547688.207317073,82,82,82,800.0,1800.0,1200.0,68.03047
1922.0,1207.0,220.0,523496340.0,100,50,100,2352.0,2698.0,12032.0,84.17817
1922.0,1207.0,220.0,523496340.0,100,0,100,2352.0,2698.0,12032.0,84.17817
210.0,1150.0,1920.0,463680000.0,3,3,3,800.0,2000.0,1200.0,100.0
235.11864406779662,202.10169491525423,356.66101694915255,19064436.01694915,59,0,59,800.0,1800.0,1200.0,70.58244
716.0,604.0,2041.3333333333333,2536341666.6666665,0,0,15,2480.0,2650.0,13600.0,70.49989
235.11864406779662,202.10169491525423,356.66101694915255,19064436.01694915,59,0,59,800.0,1800.0,1200.0,72.2806
716.0,604.0,2041.3333333333333,2536341666.6666665,0,0,15,2480.0,2650.0,13600.0,70.49989
300.0,750.0,750.0,229500000.0,240,120,240,2480.0,2860.0,13600.0,70.83333
237.06849315068493,196.72602739726028,322.8082191780822,15165383.698630137,73,0,73,800.0,1800.0,1200.0,64.10234
237.06849315068493,196.72602739726028,322.8082191780822,15165383.698630137,73,0,73,800.0,1800.0,1200.0,74.73759
2985.0,2135.0,6765.0,60796536500.0,0,0,2,3800.0,4500.0,13600.0,87.04632
1450.0,960.0,2800.0,3897600000.0,4,4,4,2352.0,2393.0,12032.0,100.0
1887.5,1750.0,3775.0,15389937500.0,0,0,4,2480.0,2650.0,13600.0,91.72142
272.72727272727275,267.27272727272725,359.09090909090907,28636363.636363637,66,0,66,800.0,2000.0,1200.0,99.43182
342.77777777777777,417.77777777777777,670.0,136906277.7777778,18,18,18,1010.0,2330.0,1300.0,80.55179
339.4736842105263,415.7894736842105,660.5263157894736,132444684.21052632,19,19,19,1010.0,2330.0,1300.0,82.25598
334.11764705882354,408.8235294117647,633.5294117647059,123765647.05882353,17,17,17,1000.0,2330.0,1300.0,73.18317
342.77777777777777,417.77777777777777,670.0,136906277.7777778,18,18,18,1060.0,2330.0,1360.0,78.05612
342.77777777777777,417.77777777777777,670.0,136906277.7777778,18,18,18,1060.0,2330.0,1360.0,78.05612
342.77777777777777,417.77777777777777,670.0,136906277.7777778,18,18,18,1060.0,2330.0,1360.0,85.90096
342.77777777777777,417.77777777777777,670.0,136906277.7777778,18,18,18,1000.0,2300.0,1300.0,82.7784
342.77777777777777,417.77777777777777,670.0,136906277.7777778,18,18,18,1010.0,2330.0,1300.0,80.55179
339.4736842105263,415.7894736842105,660.5263157894736,132444684.21052632,19,19,19,1010.0,2330.0,1300.0,82.25598
312.85714285714283,344.85714285714283,494.85714285714283,53357600.0,35,35,35,800.0,2500.0,1200.0,82.78877
424.2857142857143,410.0,618.5714285714286,146671714.2857143,14,14,14,800.0,2500.0,1200.0,85.90211
460.0,426.0,834.0,221116400.0,10,10,10,800.0,2500.0,1200.0,92.87483
600.0,600.0,800.0,288000000.0,10,10,10,2210.0,1960.0,4850.0,83.33333
1034.375,2119.375,2005.0,4253040375.0,1,0,16,2480.0,2860.0,13600.0,89.19587
1060.625,2119.375,1956.25,4236509625.0,1,0,16,2480.0,2860.0,13600.0,88.84919
240.0,100.0,310.0,7440000.0,88,0,88,800.0,950.0,1200.0,86.35644
237.06849315068493,196.72602739726028,322.8082191780822,15165383.698630137,73,0,73,800.0,1800.0,1200.0,74.73759
239.44,223.2,346.3,21187375.82,50,0,50,800.0,1800.0,1200.0,68.07583
1040.7142857142858,2365.0,2064.285714285714,5093725285.714286,1,0,14,2480.0,2860.0,13600.0,93.47357
208.78048780487805,200.1219512195122,325.0731707317073,13547688.207317073,82,0,82,800.0,1800.0,1200.0,69.12774
1040.7142857142858,2365.0,2064.285714285714,5093725285.714286,0,0,14,2480.0,2860.0,13600.0,93.47357
1092.3076923076924,2315.3846153846152,2126.153846153846,5350661538.461538,0,0,13,2480.0,2860.0,13600.0,89.11539
180.08849557522123,218.8053097345133,242.30088495575222,7617548.672566372,226,226,226,800.0,2000.0,1200.0,89.6649
1047.5,851.25,1980.0,4767922375.0,0,0,8,2490.0,2590.0,13490.0,69.07196
954.1875,1757.0,1633.0625,4539186141.5,0,0,16,2480.0,2860.0,13600.0,91.01151
687.8260869565217,1290.0,715.2173913043479,635243739.1304348,0,0,23,2359.0,2700.0,12022.0,46.06144
1655.0,1515.0,6000.0,24911215000.0,2,2,2,2352.0,2393.0,12032.0,85.99415
820.0,830.0,1250.0,850750000.0,0,0,8,2480.0,2700.0,5800.0,100.0
847.5,797.8333333333334,3828.0,5214067075.0,0,0,6,2480.0,2860.0,13600.0,87.57839
847.5,797.8333333333334,3828.0,5214067075.0,0,0,6,2480.0,2860.0,13600.0,87.57839
300.0,310.0,200.0,18600000.0,96,96,96,800.0,2000.0,1200.0,100.0
720.0,600.0,1420.0,613440000.0,2,2,2,1000.0,2330.0,1300.0,100.0
308.2857142857143,386.0,481.14285714285717,57199428.571428575,35,35,35,800.0,2500.0,1200.0,91.01564
308.2857142857143,386.0,481.14285714285717,57199428.571428575,35,35,35,800.0,2500.0,1200.0,91.01564
720.0,600.0,1420.0,613440000.0,2,2,2,1000.0,2330.0,1300.0,100.0
720.0,600.0,1420.0,613440000.0,2,2,2,1000.0,2330.0,1300.0,100.0
640.0,576.6666666666666,1346.6666666666667,510720000.0,3,3,3,1000.0,2330.0,1300.0,93.33333
640.0,576.6666666666666,1346.6666666666667,510720000.0,3,3,3,1000.0,2330.0,1300.0,93.33333
510.0,472.0,786.0,232643400.0,5,5,5,1000.0,2330.0,1100.0,89.60319
425.0,458.75,446.25,87202500.0,16,16,16,1000.0,2330.0,1100.0,93.80042
424.2857142857143,410.0,618.5714285714286,146671714.2857143,14,14,14,800.0,2500.0,1200.0,85.90211
200.0,15.0,350.0,1050000.0,90,0,90,500.0,450.0,600.0,100.0
400.0,30.0,500.0,6000000.0,15,0,15,500.0,450.0,600.0,100.0
460.0,466.6666666666667,562.5,139225750.0,12,12,12,1000.0,2330.0,1100.0,81.90553
417.85714285714283,452.14285714285717,608.5714285714286,113200000.0,14,14,14,1000.0,2330.0,1100.0,64.4102
371.25,356.875,567.5,96023562.5,16,16,16,800.0,2500.0,1202.0,69.76986
353.1578947368421,362.10526315789474,592.1052631578947,80416210.5263158,19,19,19,800.0,2500.0,1210.0,73.23593
347.36842105263156,353.6842105263158,586.3157894736842,76749473.68421052,19,19,19,800.0,2330.0,1200.0,69.55128
371.25,356.875,567.5,96023562.5,16,16,16,800.0,2500.0,1200.0,69.88614
371.25,356.875,567.5,96023562.5,16,16,16,800.0,2500.0,1202.0,69.76986
460.0,466.6666666666667,562.5,139225750.0,12,12,12,1000.0,2330.0,1100.0,81.90553
347.36842105263156,353.6842105263158,586.3157894736842,76749473.68421052,19,19,19,800.0,2330.0,1200.0,69.55128
235.11864406779662,202.10169491525423,356.66101694915255,19064436.01694915,59,0,59,800.0,1800.0,1200.0,70.58244
235.11864406779662,202.10169491525423,356.66101694915255,19064436.01694915,59,0,59,800.0,1800.0,1200.0,72.2806
800.0,1977.5,2000.0,3164000000.0,0,0,4,2480.0,2860.0,13600.0,83.43882
1020.0,1412.0,1312.0,1964623000.0,0,5,5,2490.0,2590.0,13490.0,72.31059
977.1428571428571,1715.7142857142858,1662.857142857143,2676320000.0,0,0,7,2480.0,2860.0,13600.0,59.05741
977.1428571428571,1715.7142857142858,1662.857142857143,2676320000.0,3,0,7,2480.0,2860.0,13600.0,59.05741
1135.2631578947369,2225.7894736842104,1417.3684210526317,3462761578.9473686,1,0,19,2480.0,2860.0,13600.0,76.83394
1354.1666666666667,1150.0,1566.6666666666667,3814291666.6666665,6,12,12,2480.0,2860.0,13600.0,54.19568
1354.1666666666667,1375.0,1566.6666666666667,4030291666.6666665,6,12,12,2480.0,2860.0,13600.0,57.26473
921.7391304347826,1895.6521739130435,1417.391304347826,2553043478.2608695,0,0,23,2400.0,2650.0,13600.0,92.67677
947.8260869565217,2000.0,1434.7826086956522,2747826086.9565215,0,0,23,2400.0,2650.0,13600.0,96.81373
381.0,392.0,569.0,86128400.0,10,10,10,800.0,2500.0,1200.0,64.54621
385.0,425.0,784.2857142857143,131648000.0,14,0,14,800.0,2500.0,1200.0,79.66252
462.5,449.5,924.0,231543700.0,20,0,20,2490.0,2590.0,13490.0,69.18857
462.5,449.5,924.0,231543700.0,20,0,20,2352.0,2698.0,12032.0,37.71856
462.5,449.5,924.0,231543700.0,20,0,20,1978.0,2100.0,4168.0,46.93645
462.5,449.5,924.0,231543700.0,20,20,20,1978.0,2100.0,4168.0,40.03403
927.2727272727273,2000.0,1436.3636363636363,2705454545.4545455,0,0,22,2400.0,2650.0,13600.0,91.17647
528.7037037037037,1552.7777777777778,42.22222222222222,33870675.925925925,0,0,27,800.0,2000.0,1200.0,56.27605
481.22222222222223,1635.6666666666667,37.333333333333336,28981605.555555556,0,0,45,800.0,2000.0,1200.0,74.23567
437.8695652173913,1711.3478260869565,32.869565217391305,24517671.739130434,0,0,115,1978.0,2100.0,4168.0,18.68839
800.0,1000.0,1200.0,960000000.0,0,0,12,2420.0,2500.0,6500.0,73.23586
1523.9583333333333,361.0416666666667,257.7083333333333,145918583.33333334,48,0,48,2359.0,2700.0,12022.0,56.32671
850.0,2000.0,1387.5,2380000000.0,0,0,16,2450.0,2650.0,8800.0,90.36545
853.3333333333334,1960.0,1346.6666666666667,2299733333.3333335,0,0,15,2450.0,2650.0,8000.0,88.0
853.3333333333334,1960.0,1346.6666666666667,2299733333.3333335,0,0,15,2450.0,2650.0,8000.0,88.0
2093.75,1943.75,1687.5,7139031250.0,0,8,8,2480.0,2860.0,13600.0,82.45321
295.7464788732394,322.84507042253523,235.6338028169014,24677453.521126762,355,355,355,2490.0,2590.0,13490.0,55.77287
270.0925925925926,318.05555555555554,217.22222222222223,18228833.333333332,216,216,216,1978.0,2100.0,3089.0,32.98673
295.7464788732394,322.84507042253523,235.6338028169014,24677453.521126762,355,355,355,2490.0,2590.0,13490.0,64.23543
210.0,10.0,297.0,623700.0,494,494,494,800.0,2000.0,1200.0,87.94805
210.0,10.0,297.0,623700.0,1344,1344,1344,800.0,2000.0,1200.0,94.35143
747.6756756756756,121.35135135135135,440.0,23015491.891891893,2220,2220,2220,2490.0,2590.0,13490.0,87.64017
1106.6666666666667,1263.3333333333333,2386.6666666666665,3221421916.6666665,12,12,12,2352.0,2698.0,12032.0,64.74352
576.6666666666666,322.5,748.3333333333334,154908000.0,0,24,24,2282.0,2494.0,5000.0,97.87578
1200.0,30.0,3300.0,118800000.0,117,117,117,2352.0,2393.0,5898.0,57.98934
1102.2058823529412,30.0,3300.0,109118382.35294117,136,136,136,2352.0,2393.0,5898.0,81.08839
835.7142857142857,175.0,3300.0,350035714.28571427,168,168,168,2352.0,2698.0,12032.0,97.13501
408.7719298245614,271.9298245614035,3300.0,305105263.15789473,57,57,57,2352.0,2393.0,5898.0,99.62193
835.7142857142857,175.0,3300.0,350035714.28571427,168,168,168,2352.0,2698.0,12032.0,97.13501
835.7142857142857,175.0,3300.0,350035714.28571427,168,168,168,2352.0,2698.0,12032.0,97.13501
835.7142857142857,175.0,3300.0,350035714.28571427,168,168,168,2352.0,2698.0,12032.0,97.13501
880.0,1916.6666666666667,946.6666666666666,1622133333.3333333,0,0,30,2400.0,2650.0,13600.0,93.01223
884.0,2069.0,1844.0,3275804000.0,0,0,10,2480.0,2860.0,13600.0,77.57774
1035.0,2278.3333333333335,1591.6666666666667,3576201666.6666665,0,0,18,2480.0,2860.0,13600.0,76.84743
1012.5,2246.875,1628.75,3526147500.0,0,0,16,2480.0,2860.0,13600.0,67.9907
279.74603174603175,348.7936507936508,191.14285714285714,18619288.888888888,315,0,315,2120.0,2070.0,3700.0,72.23311
1033.3333333333333,2216.1111111111113,1593.3333333333333,3485597777.7777777,9,0,18,2480.0,2860.0,13600.0,75.1503
773.4,1625.0,1186.4,2510062580.0,16,0,25,2480.0,2860.0,13600.0,75.16324
513.8513513513514,327.7027027027027,428.7162162162162,73155405.4054054,592,0,592,2352.0,2385.0,12032.0,82.71199
818.0,950.0,1814.0,1773403000.0,0,0,5,2352.0,2393.0,5898.0,49.34629
972.0,1154.0,2477.0,3046764200.0,0,0,10,2432.0,2698.0,12032.0,52.19922
500.0,1000.0,500.0,250000000.0,0,0,53,2352.0,2385.0,12032.0,94.64286
790.5769230769231,1620.1923076923076,1187.6923076923076,2499390942.3076925,17,0,26,2480.0,2860.0,13600.0,77.83743
29.708404802744425,41.303602058319036,2399.1766723842197,76761066.89536878,583,0,583,2480.0,2860.0,13600.0,59.31931
29.708404802744425,41.303602058319036,2399.1766723842197,76761066.89536878,583,576,583,2480.0,2860.0,13600.0,59.31931
19.867697594501717,23.436426116838486,2389.319587628866,25689295.25945017,1,1,582,2480.0,2860.0,13600.0,19.32758
19.867697594501717,23.436426116838486,2389.319587628866,25689295.25945017,1,1,582,2480.0,2860.0,13600.0,19.32758
1000.0,2450.0,1200.0,2940000000.0,0,0,20,2490.0,2590.0,13490.0,85.14261
32.33977455716586,38.4975845410628,2366.1529790660225,59833187.929146536,616,0,621,2480.0,2860.0,13600.0,45.57738
34.249196141479096,39.239549839228296,2364.406752411576,60992298.55948553,622,0,622,2480.0,2860.0,13600.0,39.69315
32.33977455716586,38.4975845410628,2366.1529790660225,59833187.929146536,616,0,621,2480.0,2860.0,13600.0,45.57738
460.0,830.0,1750.0,668150000.0,17,17,17,2040.0,2674.0,8880.0,94.98723
450.0,831.25,1551.0,590935450.0,8,8,8,1978.0,2100.0,4168.0,72.1063
680.625,866.25,1663.3125,1053483287.5,32,0,32,2480.0,2860.0,13600.0,63.5741
574.1666666666666,865.0,1661.0833333333333,899496383.3333334,24,0,24,2400.0,2300.0,6120.0,83.807
680.625,866.25,1663.3125,1053483287.5,32,0,32,2480.0,2860.0,13600.0,63.5741
32.33977455716586,38.4975845410628,2366.1529790660225,59833187.929146536,616,0,621,2480.0,2860.0,13600.0,45.57738
34.249196141479096,39.239549839228296,2364.406752411576,60992298.55948553,622,0,622,2480.0,2860.0,13600.0,39.69315
32.33977455716586,38.4975845410628,2366.1529790660225,59833187.929146536,616,0,621,2480.0,2860.0,13600.0,45.57738
1220.0,2075.714285714286,1994.2857142857142,5268378285.714286,0,0,7,2480.0,2860.0,13600.0,78.91708
42.353035143769965,56.62460063897763,2365.752396166134,114250140.10223642,616,0,626,2480.0,2860.0,13600.0,90.61593
587.5,906.25,805.0,412061500.0,0,0,4,1978.0,2100.0,4168.0,14.9335
587.5,906.25,805.0,412061500.0,0,0,4,2400.0,1615.0,3700.0,11.97505
690.0,1155.0,844.0,802649200.0,0,0,5,2600.0,2650.0,9700.0,50.05701
418.9012345679012,719.4074074074074,751.6666666666666,190687328.8888889,0,0,81,2480.0,2650.0,13600.0,32.71058
457.06535947712416,615.5032679738562,865.9150326797386,217618781.96078432,125,0,153,2480.0,2650.0,13600.0,67.60336
685.3333333333334,721.3333333333334,1353.3333333333333,674725333.3333334,30,0,30,2352.0,2393.0,5898.0,67.13935
685.3333333333334,721.3333333333334,1353.3333333333333,674725333.3333334,30,0,30,2352.0,2393.0,12032.0,50.1386
685.3333333333334,721.3333333333334,1353.3333333333333,674725333.3333334,14,0,30,2352.0,2393.0,12032.0,51.57113
1100.0,1100.0,3000.0,3630000000.0,13,0,13,2432.0,2698.0,12032.0,73.3037
490.0,570.0,1290.0,360297000.0,8,0,8,1000.0,2300.0,1300.0,100.0
824.0,1321.3333333333333,1698.6666666666667,1430684000.0,0,0,15,2600.0,2650.0,9700.0,34.03689
1145.4545454545455,1800.0,2181.818181818182,4242409090.909091,11,5,11,2352.0,2385.0,12032.0,79.47428
1200.0,1841.6666666666667,2216.6666666666665,4785875000.0,12,6,12,2352.0,2698.0,12032.0,83.58086
347.27272727272725,457.27272727272725,1130.0,181233454.54545453,11,11,11,800.0,2300.0,1200.0,95.1275
296.15384615384613,320.8333333333333,585.2564102564103,217872115.3846154,312,306,312,2352.0,2698.0,12032.0,93.90776
277.26377952755905,283.8582677165354,548.6220472440945,119127952.75590551,508,505,508,2352.0,2698.0,12032.0,86.3447
291.16022099447514,312.43093922651934,576.243093922652,192634530.38674033,362,356,362,2352.0,2698.0,12032.0,94.77509
1200.0,1800.0,1200.0,2592000000.0,24,24,24,2432.0,2698.0,12032.0,98.68421
283.698296836983,301.21654501216545,564.4768856447689,147754987.83454987,411,405,411,2352.0,2698.0,12032.0,82.53449
277.26377952755905,283.8582677165354,548.6220472440945,119127952.75590551,508,505,508,2352.0,2698.0,12032.0,86.3447
292.9824561403509,315.4970760233918,579.53216374269,201844035.0877193,342,336,342,2352.0,2698.0,12032.0,95.36462
433.3333333333333,366.6666666666667,566.6666666666666,89666666.66666667,90,90,90,2352.0,2393.0,5898.0,64.63815
450.0,400.0,550.0,98500000.0,0,60,60,2352.0,2393.0,5898.0,72.20561
441.6666666666667,383.3333333333333,558.3333333333334,94083333.33333333,0,72,72,2352.0,2393.0,5898.0,82.76155
350.0,476.0,1000.0,166600000.0,40,40,40,2600.0,2650.0,9700.0,94.23802
277.77777777777777,397.5845410628019,2108.695652173913,303574879.22705317,207,206,207,2490.0,2590.0,13490.0,76.90801
272.803738317757,395.23364485981307,2067.1028037383176,294752411.21495324,214,213,214,2490.0,2590.0,13490.0,77.19809
1250.0,1900.0,4800.0,11400000000.0,1,1,1,2352.0,2393.0,5898.0,100.0
796.25,943.75,1513.125,1149888750.0,16,16,16,2352.0,2393.0,5898.0,62.43912
545.9629629629629,481.6666666666667,351.2037037037037,90702911.1111111,53,4,54,2352.0,2393.0,5898.0,82.43436
250.0,220.0,290.0,15950000.0,50,0,50,800.0,2000.0,1200.0,79.11392
250.0,220.0,290.0,15950000.0,100,0,100,800.0,2000.0,1200.0,87.90436
890.9090909090909,1881.8181818181818,1427.2727272727273,2420727272.7272725,0,0,22,2400.0,2650.0,13600.0,85.87461
250.0,220.0,290.0,15950000.0,60,0,60,800.0,1200.0,1200.0,94.93671
800.0,1800.0,1200.0,1728000000.0,33,33,33,2490.0,2590.0,13490.0,100.0
800.0,1800.0,1200.0,1728000000.0,33,33,33,2490.0,2590.0,13490.0,100.0
959.5238095238095,864.7619047619048,1892.3809523809523,1447677142.857143,21,21,21,2490.0,2590.0,13490.0,49.18831
842.8571428571429,2443.9285714285716,1200.0,2471550000.0,3,28,28,2432.0,2698.0,12032.0,96.98482
846.1538461538462,2443.846153846154,1200.0,2481115384.6153846,3,26,26,2432.0,2698.0,12032.0,96.86343
1678.235294117647,131.1764705882353,4828.882352941177,988106776.4705882,34,0,34,2490.0,2590.0,13490.0,77.77562
492.57575757575756,122.72727272727273,965.9090909090909,61142431.81818182,33,0,33,1978.0,2100.0,4168.0,36.05152
800.0,800.0,1200.0,768000000.0,0,0,33,2490.0,2590.0,13490.0,100.0
380.0,122.77777777777777,561.0,26173766.666666668,1800,0,1800,2480.0,2860.0,13600.0,81.41647
1000.0,1450.0,1550.0,2247500000.0,4,4,4,2352.0,2393.0,5898.0,100.0
414.06451612903226,792.2903225806451,1723.8709677419354,554385320.0,31,0,31,2352.0,2393.0,5898.0,75.40325
640.0,576.6666666666666,1346.6666666666667,510720000.0,3,3,3,1000.0,2330.0,1300.0,93.33333
510.0,472.0,786.0,232643400.0,5,5,5,1000.0,2330.0,1100.0,89.60319
425.0,458.75,446.25,87202500.0,16,16,16,1000.0,2330.0,1100.0,93.80042
417.85714285714283,452.14285714285717,608.5714285714286,113200000.0,14,14,14,1000.0,2330.0,1100.0,64.4102
417.85714285714283,452.14285714285717,608.5714285714286,113200000.0,14,14,14,1000.0,2330.0,1100.0,64.4102
371.25,356.875,567.5,96023562.5,16,16,16,800.0,2500.0,1202.0,69.76986
353.1578947368421,362.10526315789474,592.1052631578947,80416210.5263158,19,19,19,800.0,2500.0,1210.0,73.23593
347.36842105263156,353.6842105263158,586.3157894736842,76749473.68421052,19,19,19,800.0,2330.0,1200.0,69.55128
844.4444444444445,2443.8888888888887,1200.0,2476155555.5555553,3,27,27,2432.0,2698.0,12032.0,93.69534
844.4444444444445,2500.0,1200.0,2533333333.3333335,3,27,27,2432.0,2698.0,12032.0,93.75
1018.0,1153.0,1801.0,2103976400.0,5,5,5,2352.0,2393.0,5898.0,56.73185
973.0,1058.0,1660.0,1785524400.0,5,5,5,2352.0,2393.0,5898.0,52.31018
878.7878787878788,1830.3030303030303,990.9090909090909,1584969696.969697,0,0,33,2400.0,2650.0,13600.0,83.18066
867.1428571428571,1236.4285714285713,1950.7142857142858,1763202142.857143,7,7,7,2352.0,2698.0,12032.0,33.7685
955.3846153846154,1418.076923076923,2213.4615384615386,3239130384.6153846,13,13,13,2352.0,2698.0,12032.0,63.99743
1077.0833333333333,1598.75,1752.0833333333333,4831105833.333333,12,12,12,2352.0,2698.0,12032.0,77.09112
2160.0,950.0,4775.0,11876750000.0,6,6,6,2490.0,2590.0,13490.0,83.19503
441.1764705882353,375.29411764705884,2064.705882352941,773058823.5294118,12,10,17,2480.0,2860.0,13600.0,69.2705
441.1764705882353,375.29411764705884,2064.705882352941,773058823.5294118,11,9,17,2480.0,2860.0,13600.0,26.25879
563.0,630.0,702.0,248992380.0,183,183,183,2500.0,2472.0,9550.0,95.01188
2200.0,2200.0,4000.0,19360000000.0,3,3,3,2352.0,2385.0,12032.0,100.0
840.0,1300.0,1040.0,1135680000.0,22,22,22,2352.0,2393.0,12032.0,74.01656
100.0,120.0,120.0,1440000.0,12,0,12,240.0,295.0,315.0,100.0
1090.625,862.5,1475.0,2194181250.0,0,0,16,2490.0,2590.0,13490.0,45.44157
1085.2941176470588,817.6470588235294,1447.0588235294117,2070994117.6470587,0,0,17,2480.0,2860.0,13600.0,45.38469
448.0,366.0,517.3333333333334,82708800.0,15,0,15,800.0,1800.0,1200.0,75.85736
105.0,150.0,565.0,8898750.0,510,510,510,2352.0,2698.0,5898.0,71.91084
497.85714285714283,322.85714285714283,573.5714285714286,92093357.14285715,14,5,14,800.0,1800.0,1200.0,75.8773
497.85714285714283,322.85714285714283,573.5714285714286,92093357.14285715,14,5,14,800.0,1800.0,1200.0,75.8773
497.85714285714283,322.85714285714283,573.5714285714286,92093357.14285715,14,5,14,800.0,1800.0,1200.0,75.8773
425.8333333333333,436.6666666666667,474.1666666666667,97742916.66666667,12,5,12,800.0,1800.0,1200.0,78.38664
452.6666666666667,412.0,502.0,100893000.0,15,5,15,800.0,2300.0,1200.0,73.3234
460.7142857142857,427.85714285714283,500.7142857142857,107514214.28571428,14,6,14,800.0,2300.0,1200.0,76.01401
479.2857142857143,430.7142857142857,512.1428571428571,114926214.28571428,14,6,14,800.0,2300.0,1200.0,81.25439
479.2857142857143,430.7142857142857,512.1428571428571,114926214.28571428,14,6,14,800.0,2300.0,1200.0,81.25439
730.0,730.0,2712.0,1445224800.0,13,13,13,2040.0,2674.0,8880.0,72.22222
730.0,730.0,2712.0,1445224800.0,13,13,13,2040.0,2674.0,8880.0,72.22222
1600.0,1250.0,2550.0,4893000000.0,2,2,2,1870.0,2135.0,3050.0,91.37255
300.0,210.0,550.0,34650000.0,32,32,32,800.0,2000.0,1200.0,95.65217
550.0,210.0,300.0,34650000.0,32,32,32,800.0,2000.0,1200.0,95.65217
550.0,210.0,300.0,34650000.0,32,32,32,1000.0,2000.0,1200.0,86.27451
550.0,210.0,300.0,34650000.0,48,48,48,1000.0,2000.0,1200.0,97.05882
905.5555555555555,1922.2222222222222,1177.7777777777778,1959444444.4444444,0,0,9,2352.0,2698.0,5898.0,69.42476
922.7272727272727,1927.2727272727273,1181.8181818181818,2028636363.6363637,0,0,11,2352.0,2698.0,5898.0,81.79026
895.0,1890.0,1180.0,1917100000.0,0,0,10,2352.0,2698.0,5898.0,81.2606
550.0,330.0,810.0,147015000.0,8,8,8,800.0,2000.0,1200.0,94.73684
313.98104265402844,341.9431279620853,610.6635071090047,299360900.47393364,211,206,211,2352.0,2698.0,12032.0,91.04099
940.5882352941177,1500.0,1412.3529411764705,2005120588.235294,0,0,17,2480.0,2860.0,13600.0,87.51849
1100.0,1620.0,1440.0,2677900000.0,0,0,10,2400.0,2650.0,13600.0,63.27741
1100.0,1620.0,1440.0,2677900000.0,0,0,10,2400.0,2650.0,13600.0,63.27741
1005.0,190.0,1250.0,238687500.0,20,0,20,2490.0,2590.0,13490.0,99.03917
300.0,200.0,9000.0,540000000.0,16,16,16,2490.0,2590.0,13490.0,80.03557
883.3333333333334,1883.3333333333333,1325.0,2244333333.3333335,0,0,24,2400.0,2650.0,13600.0,86.85501
506.1904761904762,231.9047619047619,1570.0,275198095.2380952,42,42,42,2352.0,2393.0,12032.0,53.85776
1005.0,190.0,1250.0,238687500.0,20,0,20,2490.0,2590.0,13490.0,99.03917
1005.0,794.1176470588235,1250.0,997610294.117647,17,10,17,2490.0,2590.0,13490.0,45.1333
1005.0,1747.0588235294117,1250.0,2194742647.0588236,17,0,17,2490.0,2590.0,13490.0,89.50412
1005.0,1747.0588235294117,1250.0,2194742647.0588236,17,0,17,2490.0,2590.0,13490.0,91.6915
414.06451612903226,792.2903225806451,1723.8709677419354,554385320.0,31,0,31,2352.0,2393.0,5898.0,75.40325
935.8823529411765,976.4705882352941,2852.9411764705883,2027117647.0588236,17,16,17,2480.0,2860.0,13600.0,40.8035
935.8823529411765,976.4705882352941,2852.9411764705883,2027117647.0588236,17,0,17,2480.0,2860.0,13600.0,57.18339
550.0,810.0,330.0,147015000.0,12,12,12,1000.0,2000.0,1200.0,100.0
550.0,810.0,330.0,147015000.0,9,9,9,800.0,2000.0,1200.0,93.46154
550.0,810.0,330.0,147015000.0,12,12,12,1000.0,2000.0,1200.0,100.0
827.4285714285714,196.0,2399.1428571428573,349824000.0,35,35,35,2352.0,2385.0,12032.0,40.82913
1055.0,905.0,1200.0,1130760000.0,12,12,12,2480.0,2700.0,5800.0,57.13679
460.0,780.0,900.0,322920000.0,115,115,115,2600.0,2650.0,9700.0,92.61204
460.0,780.0,900.0,322920000.0,180,180,180,2600.0,2650.0,9700.0,89.19566
302.097516099356,112.52069917203312,418.1416743330267,18153854.64581417,1087,0,1087,2352.0,2385.0,12032.0,62.75112
302.097516099356,112.52069917203312,418.1416743330267,18153854.64581417,1087,0,1087,2352.0,2385.0,12032.0,62.75112
302.097516099356,112.52069917203312,418.1416743330267,18153854.64581417,1087,0,1087,2352.0,2385.0,12032.0,62.75112
200.0,200.0,250.0,10000000.0,100,100,100,800.0,2000.0,1200.0,86.80556
891.7241379310345,463.7931034482759,2949.310344827586,1338755655.1724138,29,0,29,2352.0,2385.0,12032.0,68.59527
502.7027027027027,326.6216216216216,506.27027027027026,252921729.72972974,12,12,37,2352.0,2698.0,12032.0,36.53614
810.0,1300.0,1155.0,2735000000.0,0,7,10,2490.0,2590.0,13490.0,69.94527
810.0,1300.0,1155.0,2735000000.0,0,5,10,2490.0,2590.0,13490.0,69.94527
367.77777777777777,338.8888888888889,487.77777777777777,61822666.666666664,9,9,9,800.0,2000.0,1200.0,75.59837
988.2352941176471,607.3529411764706,941.1764705882352,549176470.5882353,0,0,17,2352.0,2698.0,12032.0,44.70031
1166.0,880.0,1100.0,1105200000.0,0,0,20,2352.0,2698.0,12032.0,81.01689
454.6666666666667,425.3333333333333,527.3333333333334,108538666.66666667,15,5,15,800.0,2300.0,1200.0,75.71057
1144.4444444444443,700.0,1722.2222222222222,1778333333.3333333,27,27,27,2480.0,2860.0,13600.0,87.39534
1144.4444444444443,700.0,1722.2222222222222,1778333333.3333333,27,27,27,2480.0,2860.0,13600.0,87.39534
1192.857142857143,760.7142857142857,2014.2857142857142,2532857142.857143,28,28,28,2480.0,2860.0,13600.0,83.32393
900.0,660.0,3860.0,2802000000.0,15,15,15,2490.0,2590.0,13490.0,90.50388
639.4117647058823,734.1176470588235,1368.8235294117646,782940470.5882353,17,0,17,2352.0,2393.0,5898.0,51.64177
983.3333333333334,583.3333333333334,2183.3333333333335,1103750000.0,36,36,36,2480.0,2860.0,13600.0,72.5886
994.5454545454545,1420.909090909091,1201.8181818181818,1649485454.5454545,0,0,11,2480.0,2860.0,13600.0,62.90965
994.5454545454545,1420.909090909091,1201.8181818181818,1649485454.5454545,0,0,11,2490.0,2590.0,13490.0,66.39771
983.3333333333334,583.3333333333334,2183.3333333333335,1103750000.0,36,0,36,2480.0,2860.0,13600.0,81.91095
1026.1538461538462,1479.2307692307693,1309.2307692307693,2027103076.9230769,0,0,13,2490.0,2590.0,13490.0,62.45954
500.0,300.0,1000.0,150000000.0,17,17,17,1978.0,2100.0,3089.0,71.62117
488.8888888888889,311.1111111111111,972.2222222222222,145833333.33333334,18,18,18,1978.0,2100.0,3089.0,71.60344
800.0,1250.0,1200.0,1200000000.0,68,68,68,2480.0,2860.0,13600.0,96.77419
200.0,200.0,400.0,16000000.0,96,96,96,800.0,2000.0,1200.0,100.0
1600.0,2100.0,2200.0,7392000000.0,2,2,2,2490.0,2590.0,13490.0,100.0
1547.2,1885.8,2898.0,12049969532.0,0,5,5,2490.0,2590.0,13490.0,90.36453
1800.0,2750.0,2150.0,10956000000.0,0,2,2,2490.0,2590.0,13490.0,96.793
1800.0,2700.0,2200.0,10956000000.0,1,2,2,2490.0,2590.0,13490.0,92.22222
1578.6666666666667,1643.0,2396.6666666666665,10488615886.666666,0,3,3,2490.0,2590.0,13490.0,60.24496
1700.0,2150.0,3200.0,12674000000.0,3,4,4,2490.0,2590.0,13490.0,83.49144
460.0,780.0,900.0,322920000.0,156,0,156,2600.0,2650.0,9700.0,98.94292
600.0,600.0,1500.0,540000000.0,112,0,112,2352.0,2698.0,12032.0,100.0
600.0,600.0,1250.0,450000000.0,116,0,116,2352.0,2698.0,12032.0,97.97297
1235.4545454545455,1119.5454545454545,1076.3636363636363,1471451454.5454545,0,0,22,2480.0,2650.0,13600.0,58.77584
1235.4545454545455,1119.5454545454545,1076.3636363636363,1471451454.5454545,0,0,22,2480.0,2650.0,13600.0,58.77584
617.3684210526316,416.3157894736842,2055.2631578947367,722696421.0526316,19,0,19,2352.0,2393.0,5898.0,73.86907
592.2222222222222,761.6666666666666,1134.4444444444443,2237791222.2222223,16,16,18,2352.0,2385.0,12032.0,70.62405
1181.857142857143,712.1428571428571,3223.285714285714,4080570383.142857,0,0,7,2480.0,2650.0,13600.0,68.5743
1235.4545454545455,1119.5454545454545,1076.3636363636363,1471451454.5454545,0,0,22,2480.0,2650.0,13600.0,58.77584
1235.4545454545455,1119.5454545454545,1076.3636363636363,1471451454.5454545,0,0,22,2480.0,2650.0,13600.0,58.77584
470.0,215.0,610.0,61640500.0,924,924,924,2280.0,2550.0,11500.0,97.07831
470.0,215.0,610.0,61640500.0,924,0,924,2280.0,2550.0,11500.0,97.37506
824.6428571428571,1056.7857142857142,1133.9285714285713,1642065892.857143,0,0,28,2480.0,2650.0,13600.0,64.15036
350.0,260.0,500.0,45500000.0,29,29,29,800.0,1750.0,1200.0,82.67544
910.0,150.0,1200.0,163800000.0,200,200,200,2480.0,2860.0,13600.0,96.36768
350.0,260.0,500.0,45500000.0,29,29,29,800.0,1750.0,1200.0,82.67544
605.3571428571429,666.0714285714286,1093.9285714285713,623986000.0,28,0,28,2352.0,2393.0,5898.0,67.78855
221.1046511627907,190.13953488372093,335.4418604651163,13938518.38372093,86,0,86,800.0,1800.0,1200.0,69.48575
210.16666666666666,238.01388888888889,305.2916666666667,14694282.763888888,72,0,72,800.0,1800.0,1200.0,62.12352
221.27397260273972,220.83561643835617,333.3150684931507,16233467.191780822,73,0,73,800.0,1800.0,1200.0,69.38607
210.16666666666666,238.01388888888889,305.2916666666667,14694282.763888888,72,0,72,800.0,1800.0,1200.0,62.12352
1200.0,1250.0,3300.0,4950000000.0,16,16,16,2480.0,2860.0,13600.0,100.0
1175.0,825.0,2775.0,2992500000.0,24,24,24,2480.0,2860.0,13600.0,96.11241
1200.0,1250.0,3300.0,4950000000.0,16,16,16,2480.0,2860.0,13600.0,100.0
1182.0,944.0,2922.0,3540600000.0,16,16,25,2480.0,2860.0,13600.0,96.03554
295.7464788732394,322.84507042253523,235.6338028169014,24677453.521126762,355,355,355,2210.0,1960.0,4850.0,71.11329
500.0,700.0,800.0,280000000.0,100,100,100,2490.0,2590.0,13490.0,88.65248
340.0,475.0,680.0,110255000.0,200,200,200,2352.0,2385.0,12032.0,78.71894
341.71875,479.296875,683.4375,112359609.375,512,512,512,2352.0,2385.0,12032.0,88.15806
341.71875,479.296875,683.4375,112359609.375,512,512,512,2352.0,2385.0,12032.0,87.99219
666.6666666666666,600.0,966.6666666666666,394000000.0,6,6,6,1978.0,2100.0,4168.0,82.99629
1040.0,1144.6666666666667,621.3333333333334,763083333.3333334,75,75,75,2480.0,2860.0,13600.0,79.32225
1126.851851851852,905.0925925925926,596.7592592592592,596738425.925926,108,108,108,2480.0,2860.0,13600.0,82.43559
1126.851851851852,905.0925925925926,596.7592592592592,596738425.925926,108,73,108,2480.0,2860.0,13600.0,80.69243
1112.4031007751937,881.0852713178294,609.3023255813954,572274031.007752,129,89,129,2480.0,2860.0,13600.0,81.48355
300.0,3100.0,2000.0,1860000000.0,30,30,30,2490.0,2590.0,13490.0,93.1677
296.73885573885576,309.61038961038963,248.27553527553528,26029938.526851527,2849,0,2849,2352.0,2698.0,12032.0,97.23703
300.0,3100.0,2000.0,1860000000.0,30,30,30,2490.0,2590.0,13490.0,93.1677
304.99548192771084,321.1750753012048,262.26844879518075,27910586.419804215,2656,0,2656,2352.0,2698.0,12032.0,97.09122
523.2352941176471,449.70588235294116,1237.3529411764705,218472360.29411766,17,17,17,1870.0,2135.0,3050.0,65.46077
503.40909090909093,658.4090909090909,1067.5,211412823.86363637,19,21,22,1870.0,2135.0,3050.0,62.77504
503.40909090909093,658.4090909090909,1067.5,211412823.86363637,18,21,22,1870.0,2135.0,3050.0,42.04208
569.3181818181819,592.5,1067.5,211412823.86363637,18,20,22,1870.0,2135.0,3050.0,57.59296
569.3181818181819,592.5,1067.5,211412823.86363637,18,16,22,1870.0,2135.0,3050.0,42.01936
1110.0,612.5,1390.0,935250000.0,0,0,20,2480.0,2860.0,13600.0,74.49223
800.0,1900.0,1057.142857142857,1606857142.857143,0,0,7,2400.0,2650.0,13600.0,82.22222
350.0,120.0,530.0,22260000.0,32,32,32,800.0,2000.0,1200.0,100.0
350.0,120.0,530.0,22260000.0,60,60,60,800.0,2000.0,1200.0,100.0
983.3333333333334,583.3333333333334,2183.3333333333335,1103750000.0,36,0,36,2480.0,2860.0,13600.0,81.91095
815.3846153846154,1900.0,992.3076923076923,1555076923.0769231,0,0,26,2400.0,2650.0,13600.0,96.37681
217.5,202.1153846153846,282.5,13915730.76923077,52,52,52,800.0,2000.0,1200.0,79.34408
217.5,202.1153846153846,282.5,13915730.76923077,52,52,52,800.0,2000.0,1200.0,79.34408
236.4,204.4,317.6,18144720.0,5,25,25,800.0,2000.0,1200.0,78.75313
1707.5,2450.0,2782.5,11831876250.0,0,4,4,2480.0,2860.0,13600.0,70.27402
396.22641509433964,413.58490566037733,2007.5471698113208,310098113.2075472,53,53,53,2490.0,2590.0,13490.0,69.50217
367.9668049792531,426.3900414937759,2064.066390041494,319370091.28630704,241,241,241,2490.0,2590.0,13490.0,91.03864
360.0,90.0,420.0,13608000.0,60,60,60,800.0,2000.0,1200.0,96.92308
360.0,90.0,420.0,13608000.0,120,120,120,800.0,2000.0,1200.0,96.92308
300.0,50.0,3571.4285714285716,53571428.571428575,56,56,56,2352.0,2393.0,5898.0,51.02041
208.88888888888889,77.33333333333333,1151.3131313131314,18089696.96969697,495,495,495,2352.0,2393.0,5898.0,80.87282
260.2040816326531,77.41496598639456,1917.687074829932,32888775.51020408,147,147,147,2352.0,2393.0,5898.0,19.36201
270.5449438202247,83.89887640449439,1659.2808988764045,26685400.0,890,890,890,2352.0,2393.0,5898.0,74.43785
757.5,1427.5,1817.5,2221767000.0,4,4,4,2480.0,2860.0,13600.0,73.58014
1654.6666666666667,1221.6666666666667,2655.1666666666665,7929772650.0,6,6,6,2480.0,2860.0,13600.0,63.06331
330.0,260.0,760.0,65208000.0,24,24,24,800.0,2000.0,1200.0,100.0
380.0,122.77777777777777,561.0,26173766.666666668,1800,0,1800,2480.0,2860.0,13600.0,81.41647
113.75,584.5833333333334,949.4166666666666,64577425.0,12,0,12,800.0,2000.0,1200.0,64.32014
471.4782608695652,660.0,879.9130434782609,273846052.17391306,230,0,230,2352.0,2698.0,12032.0,84.38954
473.88429752066116,660.0,880.1652892561983,275328000.0,230,0,242,2352.0,2698.0,12032.0,92.6792
580.0,510.0,1240.0,366792000.0,22,22,22,2490.0,2590.0,13490.0,100.0
560.0,474.6666666666667,546.6666666666666,158480000.0,0,60,60,2450.0,2800.0,8000.0,97.02857
391.747572815534,424.70873786407765,397.0873786407767,92739990.29126213,103,103,103,2450.0,2800.0,8000.0,78.15957
397.1311475409836,419.3032786885246,392.62295081967216,91777204.91803278,122,122,122,2450.0,2800.0,8000.0,57.12663
397.1311475409836,419.3032786885246,392.62295081967216,91777204.91803278,122,122,122,2450.0,2800.0,8000.0,57.12663
620.0714285714286,467.32142857142856,1672.9642857142858,464732258.5714286,28,28,28,2490.0,2590.0,13490.0,38.54637
620.0714285714286,467.32142857142856,1672.9642857142858,464732258.5714286,28,28,28,2490.0,2590.0,13490.0,38.54637
620.0714285714286,467.32142857142856,1672.9642857142858,464732258.5714286,56,56,56,2490.0,2590.0,13490.0,72.07275
620.0714285714286,467.32142857142856,1672.9642857142858,464732258.5714286,84,84,84,2490.0,2590.0,13490.0,65.47454
972.2222222222222,452.77777777777777,1665.2222222222222,785544811.1111112,9,9,9,1978.0,2100.0,4168.0,54.65243
620.0714285714286,467.32142857142856,1672.9642857142858,464732258.5714286,28,28,28,2480.0,2700.0,5800.0,61.33229
548.9795918367347,348.9795918367347,646.9387755102041,132306122.44897959,588,588,588,2490.0,2590.0,13490.0,96.76119
492.56198347107437,354.54545454545456,601.6528925619834,108033057.85123967,726,726,726,2490.0,2590.0,13490.0,99.0303
760.0,1790.0,1736.111111111111,2379335000.0,0,0,18,2490.0,2590.0,13490.0,92.23891
760.0,1790.0,1736.111111111111,2379335000.0,0,0,18,2352.0,2385.0,12032.0,87.6733
1110.0,612.5,1390.0,935250000.0,0,0,20,2480.0,2860.0,13600.0,74.49223
1125.0,900.0,4025.0,4895625000.0,0,0,6,2480.0,2860.0,13600.0,77.84735
1600.0,1300.0,4400.0,9152000000.0,6,0,6,2480.0,2860.0,13600.0,100.0
1244.4444444444443,800.0,1822.2222222222222,2245333333.3333335,27,0,27,2480.0,2860.0,13600.0,64.19423
1244.4444444444443,800.0,1822.2222222222222,2245333333.3333335,27,0,27,2480.0,2860.0,13600.0,64.19423
520.969064191802,380.14385150812063,261.07733952049495,52974466.4996133,1293,0,1293,2352.0,2698.0,12032.0,90.02139
380.0,280.0,590.0,62776000.0,140,140,140,1978.0,2100.0,4168.0,83.33333
380.0,280.0,590.0,62776000.0,28,28,28,800.0,2000.0,1200.0,100.0
760.0,1790.0,1736.111111111111,2379335000.0,0,0,18,2352.0,2385.0,12032.0,87.6733
1100.0,1500.0,1100.0,1815000000.0,0,0,24,2480.0,2860.0,13600.0,100.0
1831.5,1397.0,3540.0,8894027550.0,0,0,4,2480.0,2650.0,13600.0,72.75861
1295.0,648.3333333333334,2676.6666666666665,2355404333.3333335,0,0,6,2342.0,2375.0,12022.0,58.3553
195.0,240.0,290.0,13572000.0,40,40,40,800.0,2000.0,1200.0,100.0
195.0,240.0,290.0,13572000.0,40,0,40,800.0,2000.0,1200.0,78.54167
330.0,260.0,760.0,65208000.0,24,24,24,800.0,2000.0,1200.0,100.0
800.0,1500.0,1200.0,1440000000.0,32,0,32,2490.0,2590.0,13490.0,100.0
800.0,1500.0,1200.0,1440000000.0,32,0,32,2480.0,2860.0,13600.0,96.9697
800.0,1500.0,1200.0,1440000000.0,34,0,34,2480.0,2860.0,13600.0,96.77419
800.0,1500.0,1200.0,1440000000.0,18,0,18,2040.0,2674.0,8880.0,96.25668
240.0,223.51063829787233,331.48936170212767,18603574.468085106,47,0,47,800.0,2000.0,1200.0,84.72558
1150.0,385.0,1150.0,509162500.0,60,60,60,2352.0,2393.0,5898.0,95.74977
240.0,290.0,390.0,27144000.0,50,0,50,800.0,1500.0,1200.0,100.0
1190.0,100.0,6000.0,714000000.0,56,55,56,2600.0,2650.0,9700.0,99.34407
1190.0,100.0,6000.0,714000000.0,54,54,55,2600.0,2650.0,9700.0,97.57007
612.1754385964912,452.89473684210526,1659.859649122807,427921243.50877196,57,57,57,2490.0,2590.0,13490.0,58.79771
607.6588235294117,451.0,1660.9176470588236,421127486.11764705,85,85,85,2490.0,2590.0,13490.0,56.38446
607.6588235294117,451.0,1660.9176470588236,421127486.11764705,85,85,85,2040.0,2674.0,8880.0,74.99093
579.0125,444.25,1668.35,375329810.25,80,80,80,2500.0,2472.0,9550.0,53.63111
607.6588235294117,451.0,1660.9176470588236,421127486.11764705,85,85,85,2600.0,2650.0,9700.0,66.47978
607.6588235294117,451.0,1660.9176470588236,421127486.11764705,85,85,85,2480.0,2860.0,13600.0,63.93429
607.6588235294117,451.0,1660.9176470588236,421127486.11764705,85,85,85,2480.0,2860.0,13600.0,63.93429
579.0125,444.25,1668.35,375329810.25,80,80,80,2500.0,2472.0,9550.0,53.63111
612.1754385964912,452.89473684210526,1659.859649122807,427921243.50877196,57,57,57,2500.0,2472.0,9550.0,51.0817
625.4137931034483,458.44827586206895,1656.7586206896551,447833980.6896552,24,29,29,2490.0,2590.0,13490.0,19.33186
620.0714285714286,467.32142857142856,1672.9642857142858,464732258.5714286,28,28,28,2480.0,2700.0,5800.0,61.33229
254.4795127353267,90.88372093023256,1501.439645625692,25245825.027685493,876,10,903,2352.0,2393.0,5898.0,68.76023
267.9909819639279,89.39078156312625,1548.2965931863728,26874539.07815631,994,10,998,2352.0,2393.0,5898.0,80.89684
244.17631917631917,96.37065637065638,1357.6576576576576,23788635.778635778,777,10,777,2352.0,2393.0,5898.0,58.42065
1100.0,1420.0,1900.0,2967800000.0,0,0,6,2480.0,2860.0,13600.0,100.0
636.7931034482758,493.62068965517244,1804.344827586207,571563291.0344827,24,9,29,2480.0,2700.0,5800.0,57.74171
654.0344827586207,483.9655172413793,1719.8620689655172,508579946.20689654,24,9,29,2480.0,2700.0,5800.0,48.1391
654.0344827586207,483.9655172413793,1719.8620689655172,508579946.20689654,24,9,29,2490.0,2590.0,13490.0,41.13347
654.0344827586207,483.9655172413793,1719.8620689655172,508579946.20689654,48,18,58,2490.0,2590.0,13490.0,61.41011
642.9,495.6666666666667,1747.9333333333334,558100388.0,25,9,30,2480.0,2700.0,5800.0,56.64959
621.448275862069,467.0689655172414,1664.2413793103449,463572939.3103448,24,9,29,2480.0,2700.0,5800.0,46.73114
642.9,495.6666666666667,1747.9333333333334,558100388.0,25,9,30,2490.0,2590.0,13490.0,41.19428
646.7931034482758,490.0,1763.7241379310344,561785160.0,48,18,58,2490.0,2590.0,13490.0,68.40217
642.6551724137931,491.7241379310345,1763.7241379310344,563332818.6206896,48,18,58,2490.0,2590.0,13490.0,71.082
642.6551724137931,491.7241379310345,1763.7241379310344,563332818.6206896,24,9,29,2490.0,2590.0,13490.0,40.52943
642.6551724137931,491.7241379310345,1763.7241379310344,563332818.6206896,24,9,29,2480.0,2700.0,5800.0,47.72066
520.0,330.0,520.0,89232000.0,14,14,14,800.0,2000.0,1200.0,96.2963
520.0,330.0,520.0,89232000.0,20,20,20,1000.0,2000.0,1200.0,91.71076
1150.0,1427.6666666666667,2614.0,4256346600.0,0,0,3,2352.0,2393.0,5898.0,54.54993
320.0,260.0,510.0,45400000.0,800,200,1000,2352.0,2385.0,12032.0,76.66329
576.9230769230769,376.9230769230769,1769.2307692307693,403846153.84615386,0,0,26,2480.0,2650.0,13600.0,97.22222
557.8125,521.875,1460.9375,364218750.0,64,0,64,2480.0,2650.0,13600.0,57.5931
490.97297297297297,483.05405405405406,951.8918918918919,234277620.54054055,33,0,37,2480.0,2650.0,13600.0,76.71037
280.0,450.0,280.0,35280000.0,42,42,42,800.0,2000.0,1200.0,92.46575
317.5,467.5,367.5,55117500.0,16,16,16,800.0,2000.0,1200.0,71.76758
305.7142857142857,477.14285714285717,334.2857142857143,49277142.85714286,28,28,28,800.0,2000.0,1200.0,77.27151
305.7142857142857,477.14285714285717,334.2857142857143,49277142.85714286,28,28,28,800.0,2000.0,1200.0,77.27151
305.7142857142857,477.14285714285717,334.2857142857143,49277142.85714286,28,28,28,800.0,2000.0,1200.0,77.27151
1423.4,519.4,4599.7,3844320575.2,10,10,10,2490.0,2590.0,13490.0,64.88293
1423.4,519.4,4599.7,3844320575.2,10,10,10,2490.0,2590.0,13490.0,64.88293
1112.8712871287128,112.87128712871286,5912.079207920792,733466138.6138614,101,101,101,2490.0,2590.0,13490.0,88.36067
240.0,290.0,390.0,27144000.0,50,0,50,800.0,1500.0,1200.0,100.0
1423.4,519.4,4599.7,3844320575.2,10,0,10,2490.0,2590.0,13490.0,67.31604
1423.4,519.4,4599.7,3844320575.2,10,0,10,2490.0,2590.0,13490.0,67.31604
300.0,530.0,300.0,47700000.0,28,28,28,800.0,2000.0,1200.0,98.14815
300.0,530.0,300.0,47700000.0,28,28,28,800.0,2000.0,1200.0,98.14815
295.7464788732394,322.84507042253523,235.6338028169014,24677453.521126762,355,355,355,2450.0,2450.0,13600.0,48.6395
581.5,430.0,430.0,106616400.0,2,1,2,1000.0,2000.0,1200.0,89.83519
563.0,460.0,360.0,93232800.0,0,0,35,2000.0,3000.0,4000.0,100.0
259.82456140350877,382.9298245614035,237.19298245614036,26994621.05263158,57,48,57,1000.0,2000.0,1200.0,66.78357
563.0,460.0,360.0,93232800.0,0,44,44,2000.0,3000.0,4000.0,92.0
563.0,460.0,360.0,93232800.0,100,100,100,2000.0,3000.0,4000.0,89.28571
259.82456140350877,382.9298245614035,237.19298245614036,26994621.05263158,57,18,57,1000.0,2000.0,1200.0,65.11797
321.0833333333333,324.1666666666667,213.33333333333334,24864400.0,120,120,120,2000.0,3000.0,4000.0,57.356
1095.5555555555557,1176.6666666666667,1502.2222222222222,3142612000.0,9,0,9,2352.0,2385.0,12032.0,61.0961
1091.0,1310.0,1482.0,3170965800.0,10,10,10,2352.0,2385.0,12032.0,47.12039
468.4468085106383,466.36879432624113,1037.0212765957447,228450020.9929078,141,141,141,2480.0,2650.0,13600.0,71.1258
468.1888111888112,466.13986013986016,1029.5104895104896,226751419.3006993,143,143,143,2480.0,2650.0,13600.0,64.09206
453.5816326530612,450.59183673469386,1047.142857142857,217096458.7755102,98,98,98,2282.0,2494.0,5000.0,79.86281
468.1888111888112,466.13986013986016,1029.5104895104896,226751419.3006993,143,143,143,2040.0,2674.0,8880.0,82.48478
468.1888111888112,466.13986013986016,1029.5104895104896,226751419.3006993,143,143,143,2480.0,2650.0,13600.0,64.09206
468.1888111888112,466.13986013986016,1029.5104895104896,226751419.3006993,143,143,143,2480.0,2650.0,8000.0,83.12514
295.7464788732394,322.84507042253523,235.6338028169014,24677453.521126762,355,355,355,2480.0,2700.0,5800.0,48.34073
1165.0,2117.5,2257.5,6154292075.0,0,0,2,2490.0,2590.0,13490.0,94.59571
499.009900990099,376.23762376237624,651.4851485148515,125841584.15841584,606,606,606,2490.0,2590.0,13490.0,94.85075
290.0,188.0,390.0,21262800.0,40,40,40,800.0,2000.0,1200.0,100.0
288.0,432.0,572.0,69964800.0,25,25,25,800.0,2000.0,1200.0,92.0202
110.0,190.0,410.0,8569000.0,200,200,200,800.0,2000.0,1200.0,96.67411
110.0,190.0,410.0,8569000.0,216,216,216,800.0,2000.0,1200.0,98.60759
110.0,190.0,410.0,8569000.0,216,216,216,800.0,2000.0,1200.0,98.60759
855.0,869.25,1230.0,968168250.0,0,0,8,2352.0,2393.0,5898.0,74.82203
994.0,2284.5454545454545,1356.590909090909,3073612090.909091,0,0,22,2490.0,2590.0,13490.0,88.57566
988.2727272727273,2280.681818181818,1358.3636363636363,3058653850.0,0,0,22,2490.0,2590.0,13490.0,87.57304
988.2727272727273,2280.681818181818,1358.3636363636363,3058653850.0,0,0,22,2490.0,2590.0,13490.0,87.57304
988.7272727272727,2280.681818181818,1358.8181818181818,3060657418.181818,0,0,22,2490.0,2590.0,13490.0,87.56514
887.04,2302.0,1200.0,2447723520.0,0,0,25,2490.0,2590.0,13490.0,85.20238
883.6923076923077,2301.923076923077,1200.0,2438503384.6153846,0,0,26,2490.0,2590.0,13490.0,88.2767
887.04,2302.0,1200.0,2447723520.0,0,0,25,2490.0,2590.0,13490.0,85.20238
933.0,2275.0,1200.0,2544487714.285714,0,0,28,2490.0,2590.0,13490.0,93.81288
988.7272727272727,2280.681818181818,1358.8181818181818,3060657418.181818,0,0,22,2490.0,2590.0,13490.0,87.56514
988.7272727272727,2280.681818181818,1358.8181818181818,3060657418.181818,0,0,22,2490.0,2590.0,13490.0,87.56514
1110.0,612.5,1390.0,935250000.0,0,0,20,2480.0,2860.0,13600.0,74.49223
1125.0,900.0,4025.0,4895625000.0,3,0,6,2490.0,2590.0,13490.0,77.84735
852.2758620689655,2095.0,1225.8620689655172,2195809955.172414,0,0,29,2490.0,2590.0,13490.0,94.98881
856.7241379310345,2095.0,1222.2068965517242,2199312506.206897,0,0,29,2490.0,2590.0,13490.0,94.50057
856.7241379310345,2095.0,1222.2068965517242,2199312506.206897,0,0,29,2490.0,2590.0,13490.0,94.50057
858.8965517241379,2095.0,1219.7931034482758,2199605806.206897,0,0,29,2400.0,2400.0,13300.0,97.69497
856.7241379310345,2095.0,1222.2068965517242,2199312506.206897,0,0,29,2490.0,2590.0,13490.0,94.50057
858.8965517241379,2095.0,1219.7931034482758,2199605806.206897,0,0,29,2400.0,2400.0,13300.0,97.69497
859.4642857142857,2095.0,1223.0,2207826524.285714,0,0,28,2400.0,2400.0,13300.0,92.9466
825.8214285714286,2095.0,1211.5,2099681726.4285715,0,0,28,2400.0,2400.0,13300.0,91.90237
825.8214285714286,2095.0,1211.5,2099681726.4285715,0,0,28,2400.0,2400.0,13300.0,91.90237
817.6774193548387,2095.0,1200.0,2055641032.2580645,0,0,31,2400.0,2400.0,13300.0,97.00727
825.8214285714286,2095.0,1211.5,2099681726.4285715,0,0,28,2400.0,2400.0,13300.0,91.90237
817.6774193548387,2095.0,1200.0,2055641032.2580645,0,0,31,2400.0,2400.0,13300.0,97.00727
100.0,100.0,100.0,1000000.0,1,1,1,2450.0,2350.0,7000.0,100.0
100.0,100.0,100.0,1000000.0,2,2,2,2450.0,2350.0,7000.0,100.0
100.0,100.0,100.0,1000000.0,10,10,10,2450.0,2350.0,7000.0,83.33333
